[
  {
    "title": "Odin&#39;s Eye Stainless Steel Bracelet",
    "price": "75.00",
    "currency": "USD",
    "url": "https://www.etsy.com/listing/4397304887/odins-eye-stainless-steel-bracelet",
    "image_url": "/images/etsy/il_fullxfull.7349313042_iny9.jpg"
  },
  {
    "title": "Starlight Stainless Steel Bracelet",
    "price": "90.00",
    "currency": "USD",
    "url": "https://www.etsy.com/listing/4397285379/starlight-stainless-steel-bracelet",
    "image_url": "/images/etsy/il_fullxfull.7397100405_82kr.jpg"
  },
  {
    "title": "This Helm Has Balls Stainless Steel Bracelet",
    "price": "70.00",
    "currency": "USD",
    "url": "https://www.etsy.com/listing/4397280023/this-helm-has-balls-stainless-steel",
    "image_url": "/images/etsy/il_fullxfull.7397068373_cuac.jpg"
  },
  {
    "title": "The Shaw(l)",
    "price": "600.00",
    "currency": "USD",
    "url": "https://www.etsy.com/listing/4392950917/the-shawl",
    "image_url": "/images/etsy/il_fullxfull.7370656227_2l63.jpg"
  },
  {
    "title": "Mobiüs Rings Fidget",
    "price": "20.00",
    "currency": "USD",
    "url": "https://www.etsy.com/listing/4378712907/mobius-rings-fidget",
    "image_url": "/images/etsy/il_fullxfull.7291689869_sqxf.jpg"
  },
  {
    "title": "Capture The Rainbow Of Stone Bracelet",
    "price": "75.00",
    "currency": "USD",
    "url": "https://www.etsy.com/listing/4373217318/capture-the-rainbow-of-stone-bracelet",
    "image_url": "/images/etsy/il_fullxfull.7264567037_qvbp.jpg"
  },
  {
    "title": "Indestructible Trans Pride D20 Power Bracelet",
    "price": "65.00",
    "currency": "USD",
    "url": "https://www.etsy.com/listing/4373218473/indestructible-trans-pride-d20-power",
    "image_url": "/images/etsy/il_fullxfull.7264517137_evcj.jpg"
  },
  {
    "title": "Premium BGB Scalemail Cloak/Shoulder Drape",
    "price": "600.00",
    "currency": "USD",
    "url": "https://www.etsy.com/listing/4369440983/premium-bgb-scalemail-cloakshoulder",
    "image_url": "/images/etsy/il_fullxfull.7198340924_q6ef.jpg"
  },
  {
    "title": "Premium Princess Scalemail Cloak/Shoulder Drape",
    "price": "600.00",
    "currency": "USD",
    "url": "https://www.etsy.com/listing/4369268646/premium-princess-scalemail-cloakshoulder",
    "image_url": "/images/etsy/il_fullxfull.7245511383_193f.jpg"
  },
  {
    "title": "Gavotte",
    "price": "115.00",
    "currency": "USD",
    "url": "https://www.etsy.com/listing/4369091148/gavotte",
    "image_url": "/images/etsy/il_fullxfull.7196597822_he8d.jpg"
  },
  {
    "title": "The Stella",
    "price": "115.00",
    "currency": "USD",
    "url": "https://www.etsy.com/listing/4368768134/the-stella",
    "image_url": "/images/etsy/il_fullxfull.7195087370_ewf1.jpg"
  },
  {
    "title": "Premium Black and Red Scalemaille Dice Bag",
    "price": "105.00",
    "currency": "USD",
    "url": "https://www.etsy.com/listing/4364501441/premium-black-and-red-scalemaille-dice",
    "image_url": "/images/etsy/il_fullxfull.7174224714_p9pz.jpg"
  },
  {
    "title": "Mirror Silver and Gold Scalemaille Dice Bag",
    "price": "65.00",
    "currency": "USD",
    "url": "https://www.etsy.com/listing/4364497819/mirror-silver-and-gold-scalemaille-dice",
    "image_url": "/images/etsy/il_fullxfull.7222195079_a77m.jpg"
  },
  {
    "title": "Glowing Scalemaille Dice Bag",
    "price": "70.00",
    "currency": "USD",
    "url": "https://www.etsy.com/listing/4364485945/glowing-scalemaille-dice-bag",
    "image_url": "/images/etsy/il_fullxfull.7174142044_d1i1.jpg"
  },
  {
    "title": "Stealthy Cat Chainmail Inlay Dice Bag",
    "price": "90.00",
    "currency": "USD",
    "url": "https://www.etsy.com/listing/4363002139/stealthy-cat-chainmail-inlay-dice-bag",
    "image_url": "/images/etsy/il_fullxfull.7166790604_ih4h.jpg"
  },
  {
    "title": "Stainless Steel Spike You Harness",
    "price": "345.00",
    "currency": "USD",
    "url": "https://www.etsy.com/listing/4362979104/stainless-steel-spike-you-harness",
    "image_url": "/images/etsy/il_fullxfull.7166688522_rq9p.jpg"
  },
  {
    "title": "Hearts A-Glow Scale Mail Bikini",
    "price": "165.00",
    "currency": "USD",
    "url": "https://www.etsy.com/listing/4362984557/hearts-a-glow-scale-mail-bikini",
    "image_url": "/images/etsy/il_fullxfull.7214654615_plzi.jpg"
  },
  {
    "title": "Best In Dungeon",
    "price": "65.00",
    "currency": "USD",
    "url": "https://www.etsy.com/listing/4360364193/best-in-dungeon",
    "image_url": "/images/etsy/il_fullxfull.7152618456_m5ek.jpg"
  },
  {
    "title": "Hornet Chainmail Inlay Dice Bag",
    "price": "90.00",
    "currency": "USD",
    "url": "https://www.etsy.com/listing/4358737234/hornet-chainmail-inlay-dice-bag",
    "image_url": "/images/etsy/il_fullxfull.7144191318_r91o.jpg"
  },
  {
    "title": "Baby Stainless Steel and Titanium Leaf Dragon",
    "price": "70.00",
    "currency": "USD",
    "url": "https://www.etsy.com/listing/4354875462/baby-stainless-steel-and-titanium-leaf",
    "image_url": "/images/etsy/il_fullxfull.7122856932_emvj.jpg"
  },
  {
    "title": "Half Persian 4 in 1 Bracelet",
    "price": "30.00",
    "currency": "USD",
    "url": "https://www.etsy.com/listing/4326983944/half-persian-4-in-1-bracelet",
    "image_url": "/images/etsy/il_fullxfull.6974514672_q04z.jpg"
  },
  {
    "title": "Trans Pride HP Necklace",
    "price": "55.00",
    "currency": "USD",
    "url": "https://www.etsy.com/listing/4308792693/trans-pride-hp-necklace",
    "image_url": "/images/etsy/il_fullxfull.6927029839_nwua.jpg"
  },
  {
    "title": "Dark Rainbow Necklace",
    "price": "55.00",
    "currency": "USD",
    "url": "https://www.etsy.com/listing/4308791666/dark-rainbow-necklace",
    "image_url": "/images/etsy/il_fullxfull.6927012373_omdn.jpg"
  },
  {
    "title": "Mystic Blue Goddess Necklace",
    "price": "125.00",
    "currency": "USD",
    "url": "https://www.etsy.com/listing/4308785764/mystic-blue-goddess-necklace",
    "image_url": "/images/etsy/il_fullxfull.6879006488_je40.jpg"
  },
  {
    "title": "Premium Rainbow Flower Belt",
    "price": "180.00",
    "currency": "USD",
    "url": "https://www.etsy.com/listing/4305417803/premium-rainbow-flower-belt",
    "image_url": "/images/etsy/il_fullxfull.6909984637_pxcl.jpg"
  },
  {
    "title": "Glowing With Pride Rainbow Scale Mail Bikini",
    "price": "185.00",
    "currency": "USD",
    "url": "https://www.etsy.com/listing/4304822540/glowing-with-pride-rainbow-scale-mail",
    "image_url": "/images/etsy/il_fullxfull.6907047853_jetd.jpg"
  },
  {
    "title": "The Alastor Scalemail Cloak/Shoulder Drape",
    "price": "580.00",
    "currency": "USD",
    "url": "https://www.etsy.com/listing/4300087972/the-alastor-scalemail-cloakshoulder",
    "image_url": "/images/etsy/il_fullxfull.6883379117_2nt0.jpg"
  },
  {
    "title": "The Shimmering Ocean Scalemail Cloak/Shoulder Drape",
    "price": "425.00",
    "currency": "USD",
    "url": "https://www.etsy.com/listing/4299163140/the-shimmering-ocean-scalemail",
    "image_url": "/images/etsy/il_fullxfull.6830782692_jw41.jpg"
  },
  {
    "title": "Rain Glow Bracelet",
    "price": "30.00",
    "currency": "USD",
    "url": "https://www.etsy.com/listing/4299158308/rain-glow-bracelet",
    "image_url": "/images/etsy/il_fullxfull.6878728835_rwbz.jpg"
  },
  {
    "title": "Dragon Back Bracelet",
    "price": "50.00",
    "currency": "USD",
    "url": "https://www.etsy.com/listing/4299156853/dragon-back-bracelet",
    "image_url": "/images/etsy/il_fullxfull.6878698285_5vj8.jpg"
  },
  {
    "title": "Don&#39;t Trip In The Dark Bracelet",
    "price": "25.00",
    "currency": "USD",
    "url": "https://www.etsy.com/listing/4299149246/dont-trip-in-the-dark-bracelet",
    "image_url": "/images/etsy/il_fullxfull.6830691502_6dua.jpg"
  },
  {
    "title": "Scalemaille Keychain",
    "price": "10.00",
    "currency": "USD",
    "url": "https://www.etsy.com/listing/4299107610/scalemaille-keychain",
    "image_url": "/images/etsy/il_fullxfull.6830409442_k20p.jpg"
  },
  {
    "title": "Crystal Keychain",
    "price": "20.00",
    "currency": "USD",
    "url": "https://www.etsy.com/listing/4299104219/crystal-keychain",
    "image_url": "/images/etsy/il_fullxfull.6878346943_d05l.jpg"
  },
  {
    "title": "Dragon Scale Fidget",
    "price": "20.00",
    "currency": "USD",
    "url": "https://www.etsy.com/listing/4299095619/dragon-scale-fidget",
    "image_url": "/images/etsy/il_fullxfull.6878297615_64em.jpg"
  },
  {
    "title": "Elf Bridge Bracelet",
    "price": "45.00",
    "currency": "USD",
    "url": "https://www.etsy.com/listing/4298859406/elf-bridge-bracelet",
    "image_url": "/images/etsy/il_fullxfull.6877198121_45j6.jpg"
  },
  {
    "title": "Cosmic Background Radiation",
    "price": "155.00",
    "currency": "USD",
    "url": "https://www.etsy.com/listing/1884026544/cosmic-background-radiation",
    "image_url": "/images/etsy/il_fullxfull.6767072900_8o3c.jpg"
  }
]