{
  "items": [
    {
      "title": "Chainmail Star",
      "price": "15.00",
      "currency": "USD",
      "url": "https://www.etsy.com/listing/1594081943/chainmail-star?click_key=35b6398088cc7fcd08125ea65b6e9aa6d1d261af%3A1594081943&click_sum=81902bd6&ref=shop_home_feat_1&sts=1",
      "image_url": "/images/etsy/default_avatar.png"
    },
    {
      "title": "Giant Squish Cube",
      "price": "125.00",
      "currency": "USD",
      "url": "https://www.etsy.com/listing/1676102230/giant-squish-cube?click_key=88e2dbfb2b2ea22886df25e4cdcdf9dd947fd7de%3A1676102230&click_sum=bd9e54f2&ref=shop_home_feat_2&sts=1",
      "image_url": "/images/etsy/default_avatar.png"
    },
    {
      "title": "The Dark Raven necklace",
      "price": "80.00",
      "currency": "USD",
      "url": "https://www.etsy.com/listing/1743195308/the-dark-raven-necklace?click_key=df87fd7c00e9cf30650185f6cadf910213319ea7%3A1743195308&click_sum=7b98680d&ref=shop_home_feat_3&sts=1",
      "image_url": "/images/etsy/default_avatar.png"
    },
    {
      "title": "Inferno",
      "price": "80.00",
      "currency": "USD",
      "url": "https://www.etsy.com/listing/1792674417/inferno?click_key=05d30f6bf3461bd916c555dbf1aa5a27e49d4799%3A1792674417&click_sum=3777c4d1&ref=shop_home_feat_4&frs=1&sts=1",
      "image_url": "/images/etsy/default_avatar.png"
    },
    {
      "title": "The Shaw(l)",
      "price": "600.00",
      "currency": "USD",
      "url": "https://www.etsy.com/listing/4392950917/the-shawl?click_key=c3d2f696f49d3911e3eb6bbbe53c9d4eea73571e%3A4392950917&click_sum=68c5e560&ref=shop_home_active_1&sts=1",
      "image_url": "/images/etsy/default_avatar.png"
    },
    {
      "title": "Mobiüs Rings Fidget",
      "price": "20.00",
      "currency": "USD",
      "url": "https://www.etsy.com/listing/4378712907/mobius-rings-fidget?click_key=95a009085721edebbe737e6b5f0eedfd0e4ab7bc%3A4378712907&click_sum=fee5ca2b&ref=shop_home_active_2&sts=1",
      "image_url": "/images/etsy/default_avatar.png"
    },
    {
      "title": "Capture The Rainbow Of Stone Bracelet",
      "price": "75.00",
      "currency": "USD",
      "url": "https://www.etsy.com/listing/4373217318/capture-the-rainbow-of-stone-bracelet?click_key=facac22c3fc7e92a19f0e284d33d4b4c4b0f6d38%3A4373217318&click_sum=152d8a81&ref=shop_home_active_3&sca=1&sts=1",
      "image_url": "/images/etsy/default_avatar.png"
    },
    {
      "title": "Indestructible Trans Pride D20 Power Bracelet",
      "price": "65.00",
      "currency": "USD",
      "url": "https://www.etsy.com/listing/4373218473/indestructible-trans-pride-d20-power?click_key=165833e639afeb8f03cfbcfae936674eb56bcc12%3A4373218473&click_sum=03299f4c&ref=shop_home_active_4&sts=1",
      "image_url": "/images/etsy/default_avatar.png"
    },
    {
      "title": "Premium BGB Scalemail Cloak/Shoulder Drape",
      "price": "600.00",
      "currency": "USD",
      "url": "https://www.etsy.com/listing/4369440983/premium-bgb-scalemail-cloakshoulder?click_key=5a984bf368b8f3569b1af6dc4da6898f0dff5b05%3A4369440983&click_sum=974533ca&ref=shop_home_active_5&sts=1",
      "image_url": "/images/etsy/default_avatar.png"
    },
    {
      "title": "Premium Princess Scalemail Cloak/Shoulder Drape",
      "price": "600.00",
      "currency": "USD",
      "url": "https://www.etsy.com/listing/4369268646/premium-princess-scalemail-cloakshoulder?click_key=3762032895acaecfd37a5d9169952570c94a38bd%3A4369268646&click_sum=c6de3bc3&ref=shop_home_active_6&sts=1",
      "image_url": "/images/etsy/default_avatar.png"
    },
    {
      "title": "Gavotte",
      "price": "115.00",
      "currency": "USD",
      "url": "https://www.etsy.com/listing/4369091148/gavotte?click_key=b4cce32a30453609410738cbd26be3829fc51e1a%3A4369091148&click_sum=8a115525&ref=shop_home_active_7&sts=1",
      "image_url": "/images/etsy/default_avatar.png"
    },
    {
      "title": "The Stella",
      "price": "115.00",
      "currency": "USD",
      "url": "https://www.etsy.com/listing/4368768134/the-stella?click_key=2717e3b718423d5af05086629f8782c8584215b9%3A4368768134&click_sum=4c6fafae&ref=shop_home_active_8&sts=1",
      "image_url": "/images/etsy/default_avatar.png"
    },
    {
      "title": "Premium Black and Red Scalemaille Dice Bag",
      "price": "105.00",
      "currency": "USD",
      "url": "https://www.etsy.com/listing/4364501441/premium-black-and-red-scalemaille-dice?click_key=54757c5a77b6d8c27075af11a0fb139b7d51d3b7%3A4364501441&click_sum=5319960f&ref=shop_home_active_9&sts=1",
      "image_url": "/images/etsy/default_avatar.png"
    },
    {
      "title": "Mirror Silver and Gold Scalemaille Dice Bag",
      "price": "65.00",
      "currency": "USD",
      "url": "https://www.etsy.com/listing/4364497819/mirror-silver-and-gold-scalemaille-dice?click_key=50d98885b412f48a1b16518b2892a5a67e69af44%3A4364497819&click_sum=de28cdac&ref=shop_home_active_10&sts=1",
      "image_url": "/images/etsy/default_avatar.png"
    },
    {
      "title": "Glowing Scalemaille Dice Bag",
      "price": "70.00",
      "currency": "USD",
      "url": "https://www.etsy.com/listing/4364485945/glowing-scalemaille-dice-bag?click_key=3d13b24c6e1c041fc662e7d03614e82f9b49c72c%3A4364485945&click_sum=cb7ef4fd&ref=shop_home_active_11&sts=1",
      "image_url": "/images/etsy/default_avatar.png"
    },
    {
      "title": "Stealthy Cat Chainmail Inlay Dice Bag",
      "price": "90.00",
      "currency": "USD",
      "url": "https://www.etsy.com/listing/4363002139/stealthy-cat-chainmail-inlay-dice-bag?click_key=1e2ade7f67db2041a21b1bffe85cfd0e3f527144%3A4363002139&click_sum=d0550cf7&ref=shop_home_active_12&sts=1",
      "image_url": "/images/etsy/default_avatar.png"
    },
    {
      "title": "Stainless Steel Spike You Harness",
      "price": "345.00",
      "currency": "USD",
      "url": "https://www.etsy.com/listing/4362979104/stainless-steel-spike-you-harness?click_key=f434c86c7866329d57fe05a1404c9e84ffddd15b%3A4362979104&click_sum=16b9b7bc&ref=shop_home_active_13&sts=1",
      "image_url": "/images/etsy/default_avatar.png"
    },
    {
      "title": "Hearts A-Glow Scale Mail Bikini",
      "price": "165.00",
      "currency": "USD",
      "url": "https://www.etsy.com/listing/4362984557/hearts-a-glow-scale-mail-bikini?click_key=109457519feef0d7fe5ce2017ac195b2c01b361b%3A4362984557&click_sum=e9df9c84&ref=shop_home_active_14&sts=1",
      "image_url": "/images/etsy/default_avatar.png"
    },
    {
      "title": "Best In Dungeon",
      "price": "65.00",
      "currency": "USD",
      "url": "https://www.etsy.com/listing/4360364193/best-in-dungeon?click_key=b270e7abfd85632e3c0156b509f624987c8e8c2a%3A4360364193&click_sum=869594e6&ref=shop_home_active_15&sts=1",
      "image_url": "/images/etsy/default_avatar.png"
    },
    {
      "title": "Hornet Chainmail Inlay Dice Bag",
      "price": "90.00",
      "currency": "USD",
      "url": "https://www.etsy.com/listing/4358737234/hornet-chainmail-inlay-dice-bag?click_key=e1d06bfba233e2a31dae8fdda1875423ab410bc9%3A4358737234&click_sum=decdf45a&ref=shop_home_active_16&sts=1",
      "image_url": "/images/etsy/default_avatar.png"
    },
    {
      "title": "Baby Stainless Steel and Titanium Leaf Dragon",
      "price": "70.00",
      "currency": "USD",
      "url": "https://www.etsy.com/listing/4354875462/baby-stainless-steel-and-titanium-leaf?click_key=340eac52a02b77e2864bc0d9c6c16e343a62374b%3A4354875462&click_sum=24f0eb8c&ref=shop_home_active_17&sts=1",
      "image_url": "/images/etsy/default_avatar.png"
    },
    {
      "title": "Half Persian 4 in 1 Bracelet",
      "price": "30.00",
      "currency": "USD",
      "url": "https://www.etsy.com/listing/4326983944/half-persian-4-in-1-bracelet?click_key=c2cdfdc42a16a80fd8961f294d107c5e0d8b0814%3A4326983944&click_sum=a98ff2f3&ref=shop_home_active_18&sts=1",
      "image_url": "/images/etsy/default_avatar.png"
    },
    {
      "title": "Trans Pride HP Necklace",
      "price": "55.00",
      "currency": "USD",
      "url": "https://www.etsy.com/listing/4308792693/trans-pride-hp-necklace?click_key=ed611ccbd990d9ccd90c17fb294332d3bf0c60ac%3A4308792693&click_sum=0e95315c&ref=shop_home_active_19&sca=1&sts=1",
      "image_url": "/images/etsy/default_avatar.png"
    },
    {
      "title": "Dark Rainbow Necklace",
      "price": "55.00",
      "currency": "USD",
      "url": "https://www.etsy.com/listing/4308791666/dark-rainbow-necklace?click_key=97f0001e32ed0235d1ed57613baaa5ff74377c41%3A4308791666&click_sum=8059dc56&ref=shop_home_active_20&sts=1",
      "image_url": "/images/etsy/default_avatar.png"
    },
    {
      "title": "Mystic Blue Goddess Necklace",
      "price": "125.00",
      "currency": "USD",
      "url": "https://www.etsy.com/listing/4308785764/mystic-blue-goddess-necklace?click_key=7d7ff4520e53667e19943de1559d42f0f6ff163d%3A4308785764&click_sum=5a231747&ref=shop_home_active_21&sts=1",
      "image_url": "/images/etsy/default_avatar.png"
    },
    {
      "title": "Premium Rainbow Flower Belt",
      "price": "180.00",
      "currency": "USD",
      "url": "https://www.etsy.com/listing/4305417803/premium-rainbow-flower-belt?click_key=f80533a398ff74e02526c47b00bfc8288af12024%3A4305417803&click_sum=1b1747f3&ref=shop_home_active_22&sts=1",
      "image_url": "/images/etsy/default_avatar.png"
    },
    {
      "title": "Glowing With Pride Rainbow Scale Mail Bikini",
      "price": "185.00",
      "currency": "USD",
      "url": "https://www.etsy.com/listing/4304822540/glowing-with-pride-rainbow-scale-mail?click_key=3ea57f705e079c995447e191c14d857a41290e0f%3A4304822540&click_sum=03f7f61d&ref=shop_home_active_23&sts=1",
      "image_url": "/images/etsy/default_avatar.png"
    },
    {
      "title": "The Alastor Scalemail Cloak/Shoulder Drape",
      "price": "580.00",
      "currency": "USD",
      "url": "https://www.etsy.com/listing/4300087972/the-alastor-scalemail-cloakshoulder?click_key=22e182651312dd3da919c202e54e0a1635c98e10%3A4300087972&click_sum=2072418b&ref=shop_home_active_24&frs=1&sts=1",
      "image_url": "/images/etsy/default_avatar.png"
    },
    {
      "title": "The Shimmering Ocean Scalemail Cloak/Shoulder Drape",
      "price": "425.00",
      "currency": "USD",
      "url": "https://www.etsy.com/listing/4299163140/the-shimmering-ocean-scalemail?click_key=92b810ef1f19753cb29fb02b6a557d0a98940f74%3A4299163140&click_sum=1ca65536&ref=shop_home_active_25&sts=1",
      "image_url": "/images/etsy/default_avatar.png"
    },
    {
      "title": "Rain Glow Bracelet",
      "price": "30.00",
      "currency": "USD",
      "url": "https://www.etsy.com/listing/4299158308/rain-glow-bracelet?click_key=c4facd339cee5b8d399b347145528512d324d7e2%3A4299158308&click_sum=4688e456&ref=shop_home_active_26&sts=1",
      "image_url": "/images/etsy/default_avatar.png"
    },
    {
      "title": "Dragon Back Bracelet",
      "price": "50.00",
      "currency": "USD",
      "url": "https://www.etsy.com/listing/4299156853/dragon-back-bracelet?click_key=5fd4876749064614e5f606dfd93866d37ef3a64b%3A4299156853&click_sum=faf35b76&ref=shop_home_active_27&sts=1",
      "image_url": "/images/etsy/default_avatar.png"
    },
    {
      "title": "Don't Trip In The Dark Bracelet",
      "price": "25.00",
      "currency": "USD",
      "url": "https://www.etsy.com/listing/4299149246/dont-trip-in-the-dark-bracelet?click_key=50559619dd1ee21c753dd690e474bf4e92d46754%3A4299149246&click_sum=45779b99&ref=shop_home_active_28&sts=1",
      "image_url": "/images/etsy/default_avatar.png"
    },
    {
      "title": "Scalemaille Keychain",
      "price": "10.00",
      "currency": "USD",
      "url": "https://www.etsy.com/listing/4299107610/scalemaille-keychain?click_key=55b21519c2ee05243ce6c983a973a8d581851841%3A4299107610&click_sum=da031829&ref=shop_home_active_29&sts=1",
      "image_url": "/images/etsy/default_avatar.png"
    },
    {
      "title": "Crystal Keychain",
      "price": "20.00",
      "currency": "USD",
      "url": "https://www.etsy.com/listing/4299104219/crystal-keychain?click_key=4787c10f1cce226ec63923213b292d47dc4ca285%3A4299104219&click_sum=a3bbe044&ref=shop_home_active_30&sts=1",
      "image_url": "/images/etsy/default_avatar.png"
    },
    {
      "title": "Dragon Scale Fidget",
      "price": "20.00",
      "currency": "USD",
      "url": "https://www.etsy.com/listing/4299095619/dragon-scale-fidget?click_key=5829a1000b0147dee260f2ae3be5fb33ff421425%3A4299095619&click_sum=607764b9&ref=shop_home_active_31&sts=1",
      "image_url": "/images/etsy/default_avatar.png"
    },
    {
      "title": "Elf Bridge Bracelet",
      "price": "45.00",
      "currency": "USD",
      "url": "https://www.etsy.com/listing/4298859406/elf-bridge-bracelet?click_key=8a59dae3bb4b62b74954c9246ac5e440819a37b6%3A4298859406&click_sum=4a05a1d7&ref=shop_home_active_32&sts=1",
      "image_url": "/images/etsy/default_avatar.png"
    },
    {
      "title": "Cosmic Background Radiation",
      "price": "155.00",
      "currency": "USD",
      "url": "https://www.etsy.com/listing/1884026544/cosmic-background-radiation?click_key=3719beb0b5bad7bdc5de66a65194aa5d02441a18%3A1884026544&click_sum=916f6cf5&ref=shop_home_active_33&sts=1",
      "image_url": "/images/etsy/default_avatar.png"
    },
    {
      "title": "The Jester",
      "price": "135.00",
      "currency": "USD",
      "url": "https://www.etsy.com/listing/1884022556/the-jester?click_key=b75c87cd71a8f23039f41dc1f589bb1e72fc691b%3A1884022556&click_sum=dfeaa005&ref=shop_home_active_34&sts=1",
      "image_url": "/images/etsy/default_avatar.png"
    },
    {
      "title": "The Kendrick",
      "price": "235.00",
      "currency": "USD",
      "url": "https://www.etsy.com/listing/1898200409/the-kendrick?click_key=9c341995f870aa2387959d6f93d4be4877928a79%3A1898200409&click_sum=280d795b&ref=shop_home_active_35&sts=1",
      "image_url": "/images/etsy/default_avatar.png"
    },
    {
      "title": "Firefly Magic GITD Scalemail Shoulder Drape 2nd Edition",
      "price": "425.00",
      "currency": "USD",
      "url": "https://www.etsy.com/listing/1852974370/firefly-magic-gitd-scalemail-shoulder?click_key=d90bf0adbec7c431a531a5dd013ea734ce0cf408%3A1852974370&click_sum=62c3c737&ref=shop_home_active_36&sts=1",
      "image_url": "/images/etsy/default_avatar.png"
    },
    {
      "title": "Create new collection",
      "price": "",
      "currency": "USD",
      "url": "https://www.etsy.com/legal/privacy/",
      "image_url": "/images/etsy/default_avatar.png"
    }
  ]
}