[
  {
    "title": "The Shaw(l)",
    "price": "600.00",
    "currency": "USD",
    "url": "https://www.etsy.com/listing/4392950917/the-shawl",
    "image_url": "https://i.etsystatic.com/7682723/r/il/ea8338/7370656227/il_fullxfull.7370656227_2l63.jpg"
  },
  {
    "title": "Mobiüs Rings Fidget",
    "price": "20.00",
    "currency": "USD",
    "url": "https://www.etsy.com/listing/4378712907/mobius-rings-fidget",
    "image_url": "https://i.etsystatic.com/7682723/r/il/2da59f/7291689869/il_fullxfull.7291689869_sqxf.jpg"
  },
  {
    "title": "Capture The Rainbow Of Stone Bracelet",
    "price": "75.00",
    "currency": "USD",
    "url": "https://www.etsy.com/listing/4373217318/capture-the-rainbow-of-stone-bracelet",
    "image_url": "https://i.etsystatic.com/7682723/r/il/5ef135/7264567037/il_fullxfull.7264567037_qvbp.jpg"
  },
  {
    "title": "Indestructible Trans Pride D20 Power Bracelet",
    "price": "65.00",
    "currency": "USD",
    "url": "https://www.etsy.com/listing/4373218473/indestructible-trans-pride-d20-power",
    "image_url": "https://i.etsystatic.com/7682723/r/il/ae62f7/7264517137/il_fullxfull.7264517137_evcj.jpg"
  },
  {
    "title": "Premium BGB Scalemail Cloak/Shoulder Drape",
    "price": "600.00",
    "currency": "USD",
    "url": "https://www.etsy.com/listing/4369440983/premium-bgb-scalemail-cloakshoulder",
    "image_url": "https://i.etsystatic.com/7682723/r/il/4bd959/7198340924/il_fullxfull.7198340924_q6ef.jpg"
  },
  {
    "title": "Premium Princess Scalemail Cloak/Shoulder Drape",
    "price": "600.00",
    "currency": "USD",
    "url": "https://www.etsy.com/listing/4369268646/premium-princess-scalemail-cloakshoulder",
    "image_url": "https://i.etsystatic.com/7682723/r/il/758e0b/7245511383/il_fullxfull.7245511383_193f.jpg"
  },
  {
    "title": "Gavotte",
    "price": "115.00",
    "currency": "USD",
    "url": "https://www.etsy.com/listing/4369091148/gavotte",
    "image_url": "https://i.etsystatic.com/7682723/r/il/562196/7196597822/il_fullxfull.7196597822_he8d.jpg"
  },
  {
    "title": "The Stella",
    "price": "115.00",
    "currency": "USD",
    "url": "https://www.etsy.com/listing/4368768134/the-stella",
    "image_url": "https://i.etsystatic.com/7682723/r/il/200e52/7195087370/il_fullxfull.7195087370_ewf1.jpg"
  },
  {
    "title": "Premium Black and Red Scalemaille Dice Bag",
    "price": "105.00",
    "currency": "USD",
    "url": "https://www.etsy.com/listing/4364501441/premium-black-and-red-scalemaille-dice",
    "image_url": "https://i.etsystatic.com/7682723/r/il/0708b7/7174224714/il_fullxfull.7174224714_p9pz.jpg"
  },
  {
    "title": "Mirror Silver and Gold Scalemaille Dice Bag",
    "price": "65.00",
    "currency": "USD",
    "url": "https://www.etsy.com/listing/4364497819/mirror-silver-and-gold-scalemaille-dice",
    "image_url": "https://i.etsystatic.com/7682723/r/il/015313/7222195079/il_fullxfull.7222195079_a77m.jpg"
  },
  {
    "title": "Glowing Scalemaille Dice Bag",
    "price": "70.00",
    "currency": "USD",
    "url": "https://www.etsy.com/listing/4364485945/glowing-scalemaille-dice-bag",
    "image_url": "https://i.etsystatic.com/7682723/r/il/92d4c8/7174142044/il_fullxfull.7174142044_d1i1.jpg"
  },
  {
    "title": "Stealthy Cat Chainmail Inlay Dice Bag",
    "price": "90.00",
    "currency": "USD",
    "url": "https://www.etsy.com/listing/4363002139/stealthy-cat-chainmail-inlay-dice-bag",
    "image_url": "https://i.etsystatic.com/7682723/r/il/e3e875/7166790604/il_fullxfull.7166790604_ih4h.jpg"
  },
  {
    "title": "Stainless Steel Spike You Harness",
    "price": "345.00",
    "currency": "USD",
    "url": "https://www.etsy.com/listing/4362979104/stainless-steel-spike-you-harness",
    "image_url": "https://i.etsystatic.com/7682723/r/il/534306/7166688522/il_fullxfull.7166688522_rq9p.jpg"
  },
  {
    "title": "Hearts A-Glow Scale Mail Bikini",
    "price": "165.00",
    "currency": "USD",
    "url": "https://www.etsy.com/listing/4362984557/hearts-a-glow-scale-mail-bikini",
    "image_url": "https://i.etsystatic.com/7682723/r/il/6aa5f0/7214654615/il_fullxfull.7214654615_plzi.jpg"
  },
  {
    "title": "Best In Dungeon",
    "price": "65.00",
    "currency": "USD",
    "url": "https://www.etsy.com/listing/4360364193/best-in-dungeon",
    "image_url": "https://i.etsystatic.com/7682723/r/il/80425d/7152618456/il_fullxfull.7152618456_m5ek.jpg"
  },
  {
    "title": "Hornet Chainmail Inlay Dice Bag",
    "price": "90.00",
    "currency": "USD",
    "url": "https://www.etsy.com/listing/4358737234/hornet-chainmail-inlay-dice-bag",
    "image_url": "https://i.etsystatic.com/7682723/r/il/49304c/7144191318/il_fullxfull.7144191318_r91o.jpg"
  },
  {
    "title": "Baby Stainless Steel and Titanium Leaf Dragon",
    "price": "70.00",
    "currency": "USD",
    "url": "https://www.etsy.com/listing/4354875462/baby-stainless-steel-and-titanium-leaf",
    "image_url": "https://i.etsystatic.com/7682723/r/il/79be05/7122856932/il_fullxfull.7122856932_emvj.jpg"
  },
  {
    "title": "Half Persian 4 in 1 Bracelet",
    "price": "30.00",
    "currency": "USD",
    "url": "https://www.etsy.com/listing/4326983944/half-persian-4-in-1-bracelet",
    "image_url": "https://i.etsystatic.com/7682723/r/il/a2211e/6974514672/il_fullxfull.6974514672_q04z.jpg"
  },
  {
    "title": "Trans Pride HP Necklace",
    "price": "55.00",
    "currency": "USD",
    "url": "https://www.etsy.com/listing/4308792693/trans-pride-hp-necklace",
    "image_url": "https://i.etsystatic.com/7682723/r/il/a3af26/6927029839/il_fullxfull.6927029839_nwua.jpg"
  },
  {
    "title": "Dark Rainbow Necklace",
    "price": "55.00",
    "currency": "USD",
    "url": "https://www.etsy.com/listing/4308791666/dark-rainbow-necklace",
    "image_url": "https://i.etsystatic.com/7682723/r/il/1d23bf/6927012373/il_fullxfull.6927012373_omdn.jpg"
  },
  {
    "title": "Mystic Blue Goddess Necklace",
    "price": "125.00",
    "currency": "USD",
    "url": "https://www.etsy.com/listing/4308785764/mystic-blue-goddess-necklace",
    "image_url": "https://i.etsystatic.com/7682723/r/il/2a8eab/6879006488/il_fullxfull.6879006488_je40.jpg"
  },
  {
    "title": "Premium Rainbow Flower Belt",
    "price": "180.00",
    "currency": "USD",
    "url": "https://www.etsy.com/listing/4305417803/premium-rainbow-flower-belt",
    "image_url": "https://i.etsystatic.com/7682723/r/il/e861d9/6909984637/il_fullxfull.6909984637_pxcl.jpg"
  },
  {
    "title": "Glowing With Pride Rainbow Scale Mail Bikini",
    "price": "185.00",
    "currency": "USD",
    "url": "https://www.etsy.com/listing/4304822540/glowing-with-pride-rainbow-scale-mail",
    "image_url": "https://i.etsystatic.com/7682723/r/il/01d34f/6907047853/il_fullxfull.6907047853_jetd.jpg"
  },
  {
    "title": "The Alastor Scalemail Cloak/Shoulder Drape",
    "price": "580.00",
    "currency": "USD",
    "url": "https://www.etsy.com/listing/4300087972/the-alastor-scalemail-cloakshoulder",
    "image_url": "https://i.etsystatic.com/7682723/r/il/a0fba7/6883379117/il_fullxfull.6883379117_2nt0.jpg"
  },
  {
    "title": "The Shimmering Ocean Scalemail Cloak/Shoulder Drape",
    "price": "425.00",
    "currency": "USD",
    "url": "https://www.etsy.com/listing/4299163140/the-shimmering-ocean-scalemail",
    "image_url": "https://i.etsystatic.com/7682723/r/il/d89f58/6830782692/il_fullxfull.6830782692_jw41.jpg"
  },
  {
    "title": "Rain Glow Bracelet",
    "price": "30.00",
    "currency": "USD",
    "url": "https://www.etsy.com/listing/4299158308/rain-glow-bracelet",
    "image_url": "https://i.etsystatic.com/7682723/r/il/36ad2a/6878728835/il_fullxfull.6878728835_rwbz.jpg"
  },
  {
    "title": "Dragon Back Bracelet",
    "price": "50.00",
    "currency": "USD",
    "url": "https://www.etsy.com/listing/4299156853/dragon-back-bracelet",
    "image_url": "https://i.etsystatic.com/7682723/r/il/559bda/6878698285/il_fullxfull.6878698285_5vj8.jpg"
  },
  {
    "title": "Don&#39;t Trip In The Dark Bracelet",
    "price": "25.00",
    "currency": "USD",
    "url": "https://www.etsy.com/listing/4299149246/dont-trip-in-the-dark-bracelet",
    "image_url": "https://i.etsystatic.com/7682723/r/il/33aa14/6830691502/il_fullxfull.6830691502_6dua.jpg"
  },
  {
    "title": "Scalemaille Keychain",
    "price": "10.00",
    "currency": "USD",
    "url": "https://www.etsy.com/listing/4299107610/scalemaille-keychain",
    "image_url": "https://i.etsystatic.com/7682723/r/il/185e49/6830409442/il_fullxfull.6830409442_k20p.jpg"
  },
  {
    "title": "Crystal Keychain",
    "price": "20.00",
    "currency": "USD",
    "url": "https://www.etsy.com/listing/4299104219/crystal-keychain",
    "image_url": "https://i.etsystatic.com/7682723/r/il/4c6ffc/6878346943/il_fullxfull.6878346943_d05l.jpg"
  },
  {
    "title": "Dragon Scale Fidget",
    "price": "20.00",
    "currency": "USD",
    "url": "https://www.etsy.com/listing/4299095619/dragon-scale-fidget",
    "image_url": "https://i.etsystatic.com/7682723/r/il/85caac/6878297615/il_fullxfull.6878297615_64em.jpg"
  },
  {
    "title": "Elf Bridge Bracelet",
    "price": "45.00",
    "currency": "USD",
    "url": "https://www.etsy.com/listing/4298859406/elf-bridge-bracelet",
    "image_url": "https://i.etsystatic.com/7682723/r/il/31d2c6/6877198121/il_fullxfull.6877198121_45j6.jpg"
  },
  {
    "title": "Cosmic Background Radiation",
    "price": "155.00",
    "currency": "USD",
    "url": "https://www.etsy.com/listing/1884026544/cosmic-background-radiation",
    "image_url": "https://i.etsystatic.com/7682723/r/il/8bafcd/6767072900/il_fullxfull.6767072900_8o3c.jpg"
  },
  {
    "title": "The Jester",
    "price": "135.00",
    "currency": "USD",
    "url": "https://www.etsy.com/listing/1884022556/the-jester",
    "image_url": "https://i.etsystatic.com/7682723/r/il/ad68e4/6815056053/il_fullxfull.6815056053_qtkb.jpg"
  },
  {
    "title": "The Kendrick",
    "price": "235.00",
    "currency": "USD",
    "url": "https://www.etsy.com/listing/1898200409/the-kendrick",
    "image_url": "https://i.etsystatic.com/7682723/r/il/7ccfea/6815017019/il_fullxfull.6815017019_dhk8.jpg"
  },
  {
    "title": "Firefly Magic GITD Scalemail Shoulder Drape 2nd Edition",
    "price": "425.00",
    "currency": "USD",
    "url": "https://www.etsy.com/listing/1852974370/firefly-magic-gitd-scalemail-shoulder",
    "image_url": "https://i.etsystatic.com/7682723/r/il/f7d2af/6609241266/il_fullxfull.6609241266_g3sj.jpg"
  }
]